<?xml version="1.0" encoding="UTF-8"?>
<issues format="6" by="lint 8.2.2" type="baseline" client="gradle" dependencies="false" name="AGP (8.2.2)" variant="all" version="8.2.2">

    <issue
        id="ScopedStorage"
        message="WRITE_EXTERNAL_STORAGE is deprecated (and is not granted) when targeting Android 13+. If you need to write to shared storage, use the `MediaStore.createWriteRequest` intent."
        errorLine1="    &lt;uses-permission android:name=&quot;android.permission.WRITE_EXTERNAL_STORAGE&quot; />"
        errorLine2="                                   ~~~~~~~~~~~~~~~~~~~~~~~~~~~~~~~~~~~~~~~~~">
        <location
            file="src/main/AndroidManifest.xml"
            line="7"
            column="36"/>
    </issue>

    <issue
        id="TextViewEdits"
        message="Attribute `android:autoText` should not be used with `&lt;TextView>`: Change element type to `&lt;EditText>` ?"
        errorLine1="        android:autoText=&quot;true&quot;"
        errorLine2="        ~~~~~~~~~~~~~~~~~~~~~~~">
        <location
            file="src/main/res/layout/start.xml"
            line="24"
            column="9"/>
    </issue>

    <issue
        id="OldTargetApi"
        message="Not targeting the latest versions of Android; compatibility modes apply. Consider testing and updating this version. Consult the android.os.Build.VERSION_CODES javadoc for details."
        errorLine1="        targetSdk = 34"
        errorLine2="        ~~~~~~~~~~~~~~">
        <location
            file="build.gradle.kts"
            line="12"
            column="9"/>
    </issue>

    <issue
        id="UnusedAttribute"
        message="Attribute `lineHeight` is only used in API level 28 and higher (current min is 24)"
        errorLine1="        android:lineHeight=&quot;24dp&quot;"
        errorLine2="        ~~~~~~~~~~~~~~~~~~~~~~~~~">
        <location
            file="src/main/res/layout/calibration.xml"
            line="39"
            column="9"/>
    </issue>

    <issue
        id="UnusedAttribute"
        message="Attribute `lineHeight` is only used in API level 28 and higher (current min is 24)"
        errorLine1="        android:lineHeight=&quot;20dp&quot;"
        errorLine2="        ~~~~~~~~~~~~~~~~~~~~~~~~~">
        <location
            file="src/main/res/layout/dataoutput.xml"
            line="57"
            column="9"/>
    </issue>

    <issue
        id="UnusedAttribute"
        message="Attribute `lineHeight` is only used in API level 28 and higher (current min is 24)"
        errorLine1="        android:lineHeight=&quot;29.05dp&quot;"
        errorLine2="        ~~~~~~~~~~~~~~~~~~~~~~~~~~~~">
        <location
            file="src/main/res/layout/exit.xml"
            line="18"
            column="9"/>
    </issue>

    <issue
        id="UnusedAttribute"
        message="Attribute `lineHeight` is only used in API level 28 and higher (current min is 24)"
        errorLine1="        android:lineHeight=&quot;20dp&quot;"
        errorLine2="        ~~~~~~~~~~~~~~~~~~~~~~~~~">
        <location
            file="src/main/res/layout/instruction.xml"
            line="36"
            column="9"/>
    </issue>

    <issue
        id="UnusedAttribute"
        message="Attribute `lineHeight` is only used in API level 28 and higher (current min is 24)"
        errorLine1="        android:lineHeight=&quot;20dp&quot;"
        errorLine2="        ~~~~~~~~~~~~~~~~~~~~~~~~~">
        <location
            file="src/main/res/layout/instruction.xml"
            line="71"
            column="9"/>
    </issue>

    <issue
        id="UnusedAttribute"
        message="Attribute `lineHeight` is only used in API level 28 and higher (current min is 24)"
        errorLine1="        android:lineHeight=&quot;47.84dp&quot;"
        errorLine2="        ~~~~~~~~~~~~~~~~~~~~~~~~~~~~">
        <location
            file="src/main/res/layout/start.xml"
            line="30"
            column="9"/>
    </issue>

    <issue
        id="UnusedAttribute"
        message="Attribute `lineHeight` is only used in API level 28 and higher (current min is 24)"
        errorLine1="        android:lineHeight=&quot;20dp&quot;"
        errorLine2="        ~~~~~~~~~~~~~~~~~~~~~~~~~">
        <location
            file="src/main/res/layout/videochoose.xml"
            line="29"
            column="9"/>
    </issue>

    <issue
        id="GradleDependency"
        message="A newer version of androidx.lifecycle:lifecycle-runtime-ktx than 2.4.0 is available: 2.8.4"
        errorLine1="    implementation(&quot;androidx.lifecycle:lifecycle-runtime-ktx:$lifecycle_version&quot;)"
        errorLine2="                   ~~~~~~~~~~~~~~~~~~~~~~~~~~~~~~~~~~~~~~~~~~~~~~~~~~~~~~~~~~~~~">
        <location
            file="build.gradle.kts"
            line="46"
            column="20"/>
    </issue>

    <issue
        id="GradleDependency"
        message="A newer version of androidx.lifecycle:lifecycle-common-java8 than 2.4.0 is available: 2.8.4"
        errorLine1="    implementation(&quot;androidx.lifecycle:lifecycle-common-java8:$lifecycle_version&quot;)"
        errorLine2="                   ~~~~~~~~~~~~~~~~~~~~~~~~~~~~~~~~~~~~~~~~~~~~~~~~~~~~~~~~~~~~~~">
        <location
            file="build.gradle.kts"
            line="47"
            column="20"/>
    </issue>

    <issue
        id="GradleDependency"
        message="A newer version of androidx.lifecycle:lifecycle-livedata-ktx than 2.4.0 is available: 2.8.4"
        errorLine1="    implementation(&quot;androidx.lifecycle:lifecycle-livedata-ktx:$lifecycle_version&quot;)"
        errorLine2="                   ~~~~~~~~~~~~~~~~~~~~~~~~~~~~~~~~~~~~~~~~~~~~~~~~~~~~~~~~~~~~~~">
        <location
            file="build.gradle.kts"
            line="48"
            column="20"/>
    </issue>

    <issue
        id="GradleDependency"
        message="A newer version of androidx.lifecycle:lifecycle-viewmodel-ktx than 2.4.0 is available: 2.8.4"
        errorLine1="    implementation(&quot;androidx.lifecycle:lifecycle-viewmodel-ktx:$lifecycle_version&quot;)"
        errorLine2="                   ~~~~~~~~~~~~~~~~~~~~~~~~~~~~~~~~~~~~~~~~~~~~~~~~~~~~~~~~~~~~~~~">
        <location
            file="build.gradle.kts"
            line="49"
            column="20"/>
    </issue>

    <issue
        id="GradleDependency"
        message="A newer version of com.google.android.material:material than 1.3.0 is available: 1.12.0"
        errorLine1="    implementation(&quot;com.google.android.material:material:1.3.0&quot;)"
        errorLine2="                    ~~~~~~~~~~~~~~~~~~~~~~~~~~~~~~~~~~~~~~~~~~">
        <location
            file="build.gradle.kts"
            line="50"
            column="21"/>
    </issue>

    <issue
        id="GradleDependency"
        message="A newer version of androidx.appcompat:appcompat than 1.2.0 is available: 1.7.0"
        errorLine1="    implementation(&quot;androidx.appcompat:appcompat:1.2.0&quot;)"
        errorLine2="                    ~~~~~~~~~~~~~~~~~~~~~~~~~~~~~~~~~~">
        <location
            file="build.gradle.kts"
            line="51"
            column="21"/>
    </issue>

    <issue
        id="GradleDependency"
        message="A newer version of androidx.constraintlayout:constraintlayout than 2.0.4 is available: 2.1.4"
        errorLine1="    implementation(&quot;androidx.constraintlayout:constraintlayout:2.0.4&quot;)"
        errorLine2="                    ~~~~~~~~~~~~~~~~~~~~~~~~~~~~~~~~~~~~~~~~~~~~~~~~">
        <location
            file="build.gradle.kts"
            line="52"
            column="21"/>
    </issue>

    <issue
        id="GradleDependency"
        message="A newer version of androidx.navigation:navigation-fragment-ktx than 2.3.5 is available: 2.7.7"
        errorLine1="    implementation(&quot;androidx.navigation:navigation-fragment-ktx:2.3.5&quot;)"
        errorLine2="                    ~~~~~~~~~~~~~~~~~~~~~~~~~~~~~~~~~~~~~~~~~~~~~~~~~">
        <location
            file="build.gradle.kts"
            line="61"
            column="21"/>
    </issue>

    <issue
        id="GradleDependency"
        message="A newer version of androidx.navigation:navigation-ui-ktx than 2.3.5 is available: 2.7.7"
        errorLine1="    implementation(&quot;androidx.navigation:navigation-ui-ktx:2.3.5&quot;)"
        errorLine2="                    ~~~~~~~~~~~~~~~~~~~~~~~~~~~~~~~~~~~~~~~~~~~">
        <location
            file="build.gradle.kts"
            line="62"
            column="21"/>
    </issue>

    <issue
        id="GradleDependency"
        message="A newer version of androidx.camera:camera-camera2 than 1.0.0-beta07 is available: 1.3.4"
        errorLine1="    implementation(&quot;androidx.camera:camera-camera2:$camerax_version&quot;)"
        errorLine2="                   ~~~~~~~~~~~~~~~~~~~~~~~~~~~~~~~~~~~~~~~~~~~~~~~~~">
        <location
            file="build.gradle.kts"
            line="63"
            column="20"/>
    </issue>

    <issue
        id="GradleDependency"
        message="A newer version of androidx.camera:camera-lifecycle than 1.0.0-beta07 is available: 1.3.4"
        errorLine1="    implementation(&quot;androidx.camera:camera-lifecycle:$camerax_version&quot;)"
        errorLine2="                   ~~~~~~~~~~~~~~~~~~~~~~~~~~~~~~~~~~~~~~~~~~~~~~~~~~~">
        <location
            file="build.gradle.kts"
            line="64"
            column="20"/>
    </issue>

    <issue
        id="GradleDependency"
        message="A newer version of androidx.camera:camera-view than 1.0.0-alpha20 is available: 1.3.4"
        errorLine1="    implementation(&quot;androidx.camera:camera-view:1.0.0-alpha20&quot;)"
        errorLine2="                    ~~~~~~~~~~~~~~~~~~~~~~~~~~~~~~~~~~~~~~~~~">
        <location
            file="build.gradle.kts"
            line="65"
            column="21"/>
    </issue>

    <issue
        id="SpUsage"
        message="Should use &quot;`sp`&quot; instead of &quot;`dp`&quot; for text sizes"
        errorLine1="        android:textSize=&quot;14dp&quot;"
        errorLine2="        ~~~~~~~~~~~~~~~~~~~~~~~">
        <location
            file="src/main/res/layout/calibration.xml"
            line="42"
            column="9"/>
    </issue>

    <issue
        id="SpUsage"
        message="Should use &quot;`sp`&quot; instead of &quot;`dp`&quot; for text sizes"
        errorLine1="        android:textSize=&quot;24dp&quot;"
        errorLine2="        ~~~~~~~~~~~~~~~~~~~~~~~">
        <location
            file="src/main/res/layout/calibration.xml"
            line="59"
            column="9"/>
    </issue>

    <issue
        id="SpUsage"
        message="Should use &quot;`sp`&quot; instead of &quot;`dp`&quot; for text sizes"
        errorLine1="        android:textSize=&quot;24dp&quot;"
        errorLine2="        ~~~~~~~~~~~~~~~~~~~~~~~">
        <location
            file="src/main/res/layout/calibrationbl.xml"
            line="41"
            column="9"/>
    </issue>

    <issue
        id="SpUsage"
        message="Should use &quot;`sp`&quot; instead of &quot;`dp`&quot; for text sizes"
        errorLine1="        android:textSize=&quot;24dp&quot;"
        errorLine2="        ~~~~~~~~~~~~~~~~~~~~~~~">
        <location
            file="src/main/res/layout/calibrationbr.xml"
            line="41"
            column="9"/>
    </issue>

    <issue
        id="SpUsage"
        message="Should use &quot;`sp`&quot; instead of &quot;`dp`&quot; for text sizes"
        errorLine1="        android:textSize=&quot;24dp&quot;"
        errorLine2="        ~~~~~~~~~~~~~~~~~~~~~~~">
        <location
            file="src/main/res/layout/calibrationtl.xml"
            line="42"
            column="9"/>
    </issue>

    <issue
        id="SpUsage"
        message="Should use &quot;`sp`&quot; instead of &quot;`dp`&quot; for text sizes"
        errorLine1="        android:textSize=&quot;24dp&quot;"
        errorLine2="        ~~~~~~~~~~~~~~~~~~~~~~~">
        <location
            file="src/main/res/layout/calibrationtr.xml"
            line="41"
            column="9"/>
    </issue>

    <issue
        id="SpUsage"
        message="Should use &quot;`sp`&quot; instead of &quot;`dp`&quot; for text sizes"
        errorLine1="        android:textSize=&quot;24dp&quot;"
        errorLine2="        ~~~~~~~~~~~~~~~~~~~~~~~">
        <location
            file="src/main/res/layout/dataoutput.xml"
            line="23"
            column="9"/>
    </issue>

    <issue
        id="SpUsage"
        message="Should use &quot;`sp`&quot; instead of &quot;`dp`&quot; for text sizes"
        errorLine1="        android:textSize=&quot;14dp&quot;"
        errorLine2="        ~~~~~~~~~~~~~~~~~~~~~~~">
        <location
            file="src/main/res/layout/dataoutput.xml"
            line="60"
            column="9"/>
    </issue>

    <issue
        id="SpUsage"
        message="Should use &quot;`sp`&quot; instead of &quot;`dp`&quot; for text sizes"
        errorLine1="        android:textSize=&quot;24dp&quot;"
        errorLine2="        ~~~~~~~~~~~~~~~~~~~~~~~">
        <location
            file="src/main/res/layout/dataoutput.xml"
            line="84"
            column="9"/>
    </issue>

    <issue
        id="SpUsage"
        message="Should use &quot;`sp`&quot; instead of &quot;`dp`&quot; for text sizes"
        errorLine1="        android:textSize=&quot;15dp&quot;"
        errorLine2="        ~~~~~~~~~~~~~~~~~~~~~~~">
        <location
            file="src/main/res/layout/dataoutput.xml"
            line="116"
            column="9"/>
    </issue>

    <issue
        id="SpUsage"
        message="Should use &quot;`sp`&quot; instead of &quot;`dp`&quot; for text sizes"
        errorLine1="        android:textSize=&quot;24dp&quot;"
        errorLine2="        ~~~~~~~~~~~~~~~~~~~~~~~">
        <location
            file="src/main/res/layout/exit.xml"
            line="21"
            column="9"/>
    </issue>

    <issue
        id="SpUsage"
        message="Should use &quot;`sp`&quot; instead of &quot;`dp`&quot; for text sizes"
        errorLine1="        android:textSize=&quot;24dp&quot;"
        errorLine2="        ~~~~~~~~~~~~~~~~~~~~~~~">
        <location
            file="src/main/res/layout/gender.xml"
            line="39"
            column="9"/>
    </issue>

    <issue
        id="SpUsage"
        message="Should use &quot;`sp`&quot; instead of &quot;`dp`&quot; for text sizes"
        errorLine1="        android:textSize=&quot;24dp&quot;"
        errorLine2="        ~~~~~~~~~~~~~~~~~~~~~~~">
        <location
            file="src/main/res/layout/gender.xml"
            line="55"
            column="9"/>
    </issue>

    <issue
        id="SpUsage"
        message="Should use &quot;`sp`&quot; instead of &quot;`dp`&quot; for text sizes"
        errorLine1="        android:textSize=&quot;14dp&quot;"
        errorLine2="        ~~~~~~~~~~~~~~~~~~~~~~~">
        <location
            file="src/main/res/layout/gender.xml"
            line="72"
            column="9"/>
    </issue>

    <issue
        id="SpUsage"
        message="Should use &quot;`sp`&quot; instead of &quot;`dp`&quot; for text sizes"
        errorLine1="        android:textSize=&quot;14dp&quot;"
        errorLine2="        ~~~~~~~~~~~~~~~~~~~~~~~">
        <location
            file="src/main/res/layout/gender.xml"
            line="98"
            column="9"/>
    </issue>

    <issue
        id="SpUsage"
        message="Should use &quot;`sp`&quot; instead of &quot;`dp`&quot; for text sizes"
        errorLine1="        android:textSize=&quot;24dp&quot;"
        errorLine2="        ~~~~~~~~~~~~~~~~~~~~~~~">
        <location
            file="src/main/res/layout/instruction.xml"
            line="22"
            column="9"/>
    </issue>

    <issue
        id="SpUsage"
        message="Should use &quot;`sp`&quot; instead of &quot;`dp`&quot; for text sizes"
        errorLine1="        android:textSize=&quot;14dp&quot;"
        errorLine2="        ~~~~~~~~~~~~~~~~~~~~~~~">
        <location
            file="src/main/res/layout/instruction.xml"
            line="40"
            column="9"/>
    </issue>

    <issue
        id="SpUsage"
        message="Should use &quot;`sp`&quot; instead of &quot;`dp`&quot; for text sizes"
        errorLine1="        android:textSize=&quot;24dp&quot;"
        errorLine2="        ~~~~~~~~~~~~~~~~~~~~~~~">
        <location
            file="src/main/res/layout/instruction.xml"
            line="57"
            column="9"/>
    </issue>

    <issue
        id="SpUsage"
        message="Should use &quot;`sp`&quot; instead of &quot;`dp`&quot; for text sizes"
        errorLine1="        android:textSize=&quot;20dp&quot;"
        errorLine2="        ~~~~~~~~~~~~~~~~~~~~~~~">
        <location
            file="src/main/res/layout/instruction.xml"
            line="75"
            column="9"/>
    </issue>

    <issue
        id="SpUsage"
        message="Should use &quot;`sp`&quot; instead of &quot;`dp`&quot; for text sizes"
        errorLine1="        android:textSize=&quot;36dp&quot;"
        errorLine2="        ~~~~~~~~~~~~~~~~~~~~~~~">
        <location
            file="src/main/res/layout/instruction.xml"
            line="89"
            column="9"/>
    </issue>

    <issue
        id="SpUsage"
        message="Should use &quot;`sp`&quot; instead of &quot;`dp`&quot; for text sizes"
        errorLine1="        android:textSize=&quot;32dp&quot;"
        errorLine2="        ~~~~~~~~~~~~~~~~~~~~~~~">
        <location
            file="src/main/res/layout/start.xml"
            line="35"
            column="9"/>
    </issue>

    <issue
        id="SpUsage"
        message="Should use &quot;`sp`&quot; instead of &quot;`dp`&quot; for text sizes"
        errorLine1="        android:textSize=&quot;14dp&quot;"
        errorLine2="        ~~~~~~~~~~~~~~~~~~~~~~~">
        <location
            file="src/main/res/layout/videochoose.xml"
            line="33"
            column="9"/>
    </issue>

    <issue
        id="SpUsage"
        message="Should use &quot;`sp`&quot; instead of &quot;`dp`&quot; for text sizes"
        errorLine1="        android:textSize=&quot;24dp&quot;"
        errorLine2="        ~~~~~~~~~~~~~~~~~~~~~~~">
        <location
            file="src/main/res/layout/videochoose.xml"
            line="52"
            column="9"/>
    </issue>

    <issue
        id="Deprecated"
        message="`android:autoText` is deprecated: Use `inputType` instead"
        errorLine1="        android:autoText=&quot;true&quot;"
        errorLine2="        ~~~~~~~~~~~~~~~~~~~~~~~">
        <location
            file="src/main/res/layout/start.xml"
            line="24"
            column="9"/>
    </issue>

    <issue
        id="Typos"
        message="Did you mean &quot;video!&quot; instead of &quot;video1&quot;?"
        errorLine1="        &lt;item>Video 1: video1&lt;/item>"
        errorLine2="                       ^">
        <location
            file="src/main/res/values/strings.xml"
            line="3"
            column="24"/>
    </issue>

    <issue
        id="UnusedResources"
        message="The resource `R.layout.activity_main` appears to be unused"
        errorLine1="&lt;androidx.constraintlayout.widget.ConstraintLayout xmlns:android=&quot;http://schemas.android.com/apk/res/android&quot;"
        errorLine2="^">
        <location
            file="src/main/res/layout/activity_main.xml"
            line="2"
            column="1"/>
    </issue>

    <issue
        id="UnusedResources"
        message="The resource `R.layout.calibrationbl` appears to be unused"
        errorLine1="&lt;androidx.constraintlayout.widget.ConstraintLayout xmlns:android=&quot;http://schemas.android.com/apk/res/android&quot;"
        errorLine2="^">
        <location
            file="src/main/res/layout/calibrationbl.xml"
            line="3"
            column="1"/>
    </issue>

    <issue
        id="UnusedResources"
        message="The resource `R.layout.calibrationbr` appears to be unused"
        errorLine1="&lt;androidx.constraintlayout.widget.ConstraintLayout xmlns:android=&quot;http://schemas.android.com/apk/res/android&quot;"
        errorLine2="^">
        <location
            file="src/main/res/layout/calibrationbr.xml"
            line="3"
            column="1"/>
    </issue>

    <issue
        id="UnusedResources"
        message="The resource `R.layout.calibrationtl` appears to be unused"
        errorLine1="&lt;androidx.constraintlayout.widget.ConstraintLayout xmlns:android=&quot;http://schemas.android.com/apk/res/android&quot;"
        errorLine2="^">
        <location
            file="src/main/res/layout/calibrationtl.xml"
            line="3"
            column="1"/>
    </issue>

    <issue
        id="UnusedResources"
        message="The resource `R.layout.calibrationtr` appears to be unused"
        errorLine1="&lt;androidx.constraintlayout.widget.ConstraintLayout xmlns:android=&quot;http://schemas.android.com/apk/res/android&quot;"
        errorLine2="^">
        <location
            file="src/main/res/layout/calibrationtr.xml"
            line="3"
            column="1"/>
    </issue>

    <issue
        id="UnusedResources"
        message="The resource `R.color.black` appears to be unused"
        errorLine1="    &lt;color name=&quot;black&quot;>#FF000000&lt;/color>"
        errorLine2="           ~~~~~~~~~~~~">
        <location
            file="src/main/res/values/colors.xml"
            line="3"
            column="12"/>
    </issue>

    <issue
        id="UnusedResources"
        message="The resource `R.color.white` appears to be unused"
        errorLine1="    &lt;color name=&quot;white&quot;>#FFFFFFFF&lt;/color>"
        errorLine2="           ~~~~~~~~~~~~">
        <location
            file="src/main/res/values/colors.xml"
            line="4"
            column="12"/>
    </issue>

    <issue
        id="UnusedResources"
        message="The resource `R.drawable.container_calibration_b_l` appears to be unused"
        errorLine1="&lt;shape xmlns:android=&quot;http://schemas.android.com/apk/res/android&quot;"
        errorLine2="^">
        <location
            file="src/main/res/drawable/container_calibration_b_l.xml"
            line="3"
            column="1"/>
    </issue>

    <issue
        id="UnusedResources"
        message="The resource `R.drawable.container_calibration_br` appears to be unused"
        errorLine1="&lt;shape xmlns:android=&quot;http://schemas.android.com/apk/res/android&quot;"
        errorLine2="^">
        <location
            file="src/main/res/drawable/container_calibration_br.xml"
            line="3"
            column="1"/>
    </issue>

    <issue
        id="UnusedResources"
        message="The resource `R.drawable.container_calibration_tl` appears to be unused"
        errorLine1="&lt;shape xmlns:android=&quot;http://schemas.android.com/apk/res/android&quot;"
        errorLine2="^">
        <location
            file="src/main/res/drawable/container_calibration_tl.xml"
            line="3"
            column="1"/>
    </issue>

    <issue
        id="UnusedResources"
        message="The resource `R.drawable.container_calibration_tr` appears to be unused"
        errorLine1="&lt;shape xmlns:android=&quot;http://schemas.android.com/apk/res/android&quot;"
        errorLine2="^">
        <location
            file="src/main/res/drawable/container_calibration_tr.xml"
            line="3"
            column="1"/>
    </issue>

    <issue
        id="UnusedResources"
        message="The resource `R.drawable.container_component` appears to be unused"
        errorLine1="&lt;selector xmlns:android=&quot;http://schemas.android.com/apk/res/android&quot;>"
        errorLine2="^">
        <location
            file="src/main/res/drawable/container_component.xml"
            line="2"
            column="1"/>
    </issue>

    <issue
        id="UnusedResources"
        message="The resource `R.drawable.container_continue` appears to be unused"
        errorLine1="&lt;shape xmlns:android=&quot;http://schemas.android.com/apk/res/android&quot;"
        errorLine2="^">
        <location
            file="src/main/res/drawable/container_continue.xml"
            line="3"
            column="1"/>
    </issue>

    <issue
        id="UnusedResources"
        message="The resource `R.drawable.container_exit` appears to be unused"
        errorLine1="&lt;shape xmlns:android=&quot;http://schemas.android.com/apk/res/android&quot;"
        errorLine2="^">
        <location
            file="src/main/res/drawable/container_exit.xml"
            line="3"
            column="1"/>
    </issue>

    <issue
        id="UnusedResources"
        message="The resource `R.drawable.container_exit1` appears to be unused"
        errorLine1="&lt;shape xmlns:android=&quot;http://schemas.android.com/apk/res/android&quot;"
        errorLine2="^">
        <location
            file="src/main/res/drawable/container_exit1.xml"
            line="3"
            column="1"/>
    </issue>

    <issue
        id="UnusedResources"
        message="The resource `R.drawable.container_export_data` appears to be unused"
        errorLine1="&lt;shape xmlns:android=&quot;http://schemas.android.com/apk/res/android&quot;"
        errorLine2="^">
        <location
            file="src/main/res/drawable/container_export_data.xml"
            line="3"
            column="1"/>
    </issue>

    <issue
        id="UnusedResources"
        message="The resource `R.drawable.container_fi_rr_arrow_small_left` appears to be unused"
        errorLine1="&lt;selector xmlns:android=&quot;http://schemas.android.com/apk/res/android&quot;>"
        errorLine2="^">
        <location
            file="src/main/res/drawable/container_fi_rr_arrow_small_left.xml"
            line="2"
            column="1"/>
    </issue>

    <issue
        id="UnusedResources"
        message="The resource `R.drawable.container_statusbar` appears to be unused"
        errorLine1="&lt;shape xmlns:android=&quot;http://schemas.android.com/apk/res/android&quot;"
        errorLine2="^">
        <location
            file="src/main/res/drawable/container_statusbar.xml"
            line="3"
            column="1"/>
    </issue>

    <issue
        id="UnusedResources"
        message="The resource `R.drawable.drawable_image_1` appears to be unused"
        errorLine1="&lt;selector xmlns:android=&quot;http://schemas.android.com/apk/res/android&quot;>"
        errorLine2="^">
        <location
            file="src/main/res/drawable/drawable_image_1.xml"
            line="2"
            column="1"/>
    </issue>

    <issue
        id="UnusedResources"
        message="The resource `R.drawable.drawable_image_2` appears to be unused"
        errorLine1="&lt;selector xmlns:android=&quot;http://schemas.android.com/apk/res/android&quot;>"
        errorLine2="^">
        <location
            file="src/main/res/drawable/drawable_image_2.xml"
            line="2"
            column="1"/>
    </issue>

    <issue
        id="UnusedResources"
        message="The resource `R.drawable.drawable_image_3` appears to be unused"
        errorLine1="&lt;selector xmlns:android=&quot;http://schemas.android.com/apk/res/android&quot;>"
        errorLine2="^">
        <location
            file="src/main/res/drawable/drawable_image_3.xml"
            line="2"
            column="1"/>
    </issue>

    <issue
        id="UnusedResources"
        message="The resource `R.drawable.drawable_shape_2` appears to be unused"
        errorLine1="&lt;shape xmlns:android=&quot;http://schemas.android.com/apk/res/android&quot;"
        errorLine2="^">
        <location
            file="src/main/res/drawable/drawable_shape_2.xml"
            line="3"
            column="1"/>
    </issue>

    <issue
        id="UnusedResources"
        message="The resource `R.drawable.drawable_shape_3` appears to be unused"
        errorLine1="&lt;shape xmlns:android=&quot;http://schemas.android.com/apk/res/android&quot;"
        errorLine2="^">
        <location
            file="src/main/res/drawable/drawable_shape_3.xml"
            line="3"
            column="1"/>
    </issue>

    <issue
        id="UnusedResources"
        message="The resource `R.drawable.drawable_shape_4` appears to be unused"
        errorLine1="&lt;shape xmlns:android=&quot;http://schemas.android.com/apk/res/android&quot;"
        errorLine2="^">
        <location
            file="src/main/res/drawable/drawable_shape_4.xml"
            line="3"
            column="1"/>
    </issue>

    <issue
        id="UnusedResources"
        message="The resource `R.drawable.drawable_shape_5` appears to be unused"
        errorLine1="&lt;shape xmlns:android=&quot;http://schemas.android.com/apk/res/android&quot;"
        errorLine2="^">
        <location
            file="src/main/res/drawable/drawable_shape_5.xml"
            line="3"
            column="1"/>
    </issue>

    <issue
        id="UnusedResources"
        message="The resource `R.drawable.drawable_shape_6` appears to be unused"
        errorLine1="&lt;shape xmlns:android=&quot;http://schemas.android.com/apk/res/android&quot;"
        errorLine2="^">
        <location
            file="src/main/res/drawable/drawable_shape_6.xml"
            line="3"
            column="1"/>
    </issue>

    <issue
        id="UnusedResources"
        message="The resource `R.drawable.drawable_shape_7` appears to be unused"
        errorLine1="&lt;shape xmlns:android=&quot;http://schemas.android.com/apk/res/android&quot;"
        errorLine2="^">
        <location
            file="src/main/res/drawable/drawable_shape_7.xml"
            line="3"
            column="1"/>
    </issue>

    <issue
        id="UnusedResources"
        message="The resource `R.mipmap.ic_launcher_round` appears to be unused"
        errorLine1="&lt;adaptive-icon xmlns:android=&quot;http://schemas.android.com/apk/res/android&quot;>"
        errorLine2="^">
        <location
            file="src/main/res/mipmap-anydpi-v26/ic_launcher_round.xml"
            line="2"
            column="1"/>
    </issue>

    <issue
        id="UnusedResources"
        message="The resource `R.drawable.image_battery` appears to be unused"
        errorLine1="&lt;selector xmlns:android=&quot;http://schemas.android.com/apk/res/android&quot;>"
        errorLine2="^">
        <location
            file="src/main/res/drawable/image_battery.xml"
            line="2"
            column="1"/>
    </issue>

    <issue
        id="UnusedResources"
        message="The resource `R.drawable.image_ellipse` appears to be unused"
        errorLine1="&lt;shape xmlns:android=&quot;http://schemas.android.com/apk/res/android&quot;"
        errorLine2="^">
        <location
            file="src/main/res/drawable/image_ellipse.xml"
            line="3"
            column="1"/>
    </issue>

    <issue
        id="UnusedResources"
        message="The resource `R.drawable.image_ellipse1` appears to be unused"
        errorLine1="&lt;shape xmlns:android=&quot;http://schemas.android.com/apk/res/android&quot;"
        errorLine2="^">
        <location
            file="src/main/res/drawable/image_ellipse1.xml"
            line="3"
            column="1"/>
    </issue>

    <issue
        id="UnusedResources"
        message="The resource `R.drawable.image_exit_rectangle` appears to be unused"
        errorLine1="&lt;shape xmlns:android=&quot;http://schemas.android.com/apk/res/android&quot;"
        errorLine2="^">
        <location
            file="src/main/res/drawable/image_exit_rectangle.xml"
            line="3"
            column="1"/>
    </issue>

    <issue
        id="UnusedResources"
        message="The resource `R.drawable.image_frame` appears to be unused"
        errorLine1="&lt;shape xmlns:android=&quot;http://schemas.android.com/apk/res/android&quot;"
        errorLine2="^">
        <location
            file="src/main/res/drawable/image_frame.xml"
            line="3"
            column="1"/>
    </issue>

    <issue
        id="UnusedResources"
        message="The resource `R.drawable.image_group` appears to be unused"
        errorLine1="&lt;shape xmlns:android=&quot;http://schemas.android.com/apk/res/android&quot;"
        errorLine2="^">
        <location
            file="src/main/res/drawable/image_group.xml"
            line="3"
            column="1"/>
    </issue>

    <issue
        id="UnusedResources"
        message="The resource `R.drawable.image_mask_group1` appears to be unused"
        errorLine1="&lt;selector xmlns:android=&quot;http://schemas.android.com/apk/res/android&quot;>"
        errorLine2="^">
        <location
            file="src/main/res/drawable/image_mask_group1.xml"
            line="2"
            column="1"/>
    </issue>

    <issue
        id="UnusedResources"
        message="The resource `R.drawable.image_play` appears to be unused"
        errorLine1="&lt;selector xmlns:android=&quot;http://schemas.android.com/apk/res/android&quot;>"
        errorLine2="^">
        <location
            file="src/main/res/drawable/image_play.xml"
            line="2"
            column="1"/>
    </issue>

    <issue
        id="UnusedResources"
        message="The resource `R.drawable.image_rectangle` appears to be unused"
        errorLine1="&lt;shape xmlns:android=&quot;http://schemas.android.com/apk/res/android&quot;"
        errorLine2="^">
        <location
            file="src/main/res/drawable/image_rectangle.xml"
            line="3"
            column="1"/>
    </issue>

    <issue
        id="UnusedResources"
        message="The resource `R.drawable.image_rectangle1` appears to be unused"
        errorLine1="&lt;shape xmlns:android=&quot;http://schemas.android.com/apk/res/android&quot;"
        errorLine2="^">
        <location
            file="src/main/res/drawable/image_rectangle1.xml"
            line="3"
            column="1"/>
    </issue>

    <issue
        id="UnusedResources"
        message="The resource `R.drawable.image_rectangle2` appears to be unused"
        errorLine1="&lt;selector xmlns:android=&quot;http://schemas.android.com/apk/res/android&quot;>"
        errorLine2="^">
        <location
            file="src/main/res/drawable/image_rectangle2.xml"
            line="2"
            column="1"/>
    </issue>

    <issue
        id="UnusedResources"
        message="The resource `R.drawable.image_rectangle_continue` appears to be unused"
        errorLine1="&lt;shape xmlns:android=&quot;http://schemas.android.com/apk/res/android&quot;"
        errorLine2="^">
        <location
            file="src/main/res/drawable/image_rectangle_continue.xml"
            line="3"
            column="1"/>
    </issue>

    <issue
        id="UnusedResources"
        message="The resource `R.drawable.image_rectangle_exit` appears to be unused"
        errorLine1="&lt;shape xmlns:android=&quot;http://schemas.android.com/apk/res/android&quot;"
        errorLine2="^">
        <location
            file="src/main/res/drawable/image_rectangle_exit.xml"
            line="3"
            column="1"/>
    </issue>

    <issue
        id="UnusedResources"
        message="The resource `R.drawable.image_signal` appears to be unused"
        errorLine1="&lt;selector xmlns:android=&quot;http://schemas.android.com/apk/res/android&quot;>"
        errorLine2="^">
        <location
            file="src/main/res/drawable/image_signal.xml"
            line="2"
            column="1"/>
    </issue>

    <issue
        id="UnusedResources"
        message="The resource `R.drawable.image_wifi` appears to be unused"
        errorLine1="&lt;selector xmlns:android=&quot;http://schemas.android.com/apk/res/android&quot;>"
        errorLine2="^">
        <location
            file="src/main/res/drawable/image_wifi.xml"
            line="2"
            column="1"/>
    </issue>

    <issue
        id="UnusedResources"
        message="The resource `R.drawable.img_rectangle_export` appears to be unused"
        errorLine1="&lt;shape xmlns:android=&quot;http://schemas.android.com/apk/res/android&quot;"
        errorLine2="^">
        <location
            file="src/main/res/drawable/img_rectangle_export.xml"
            line="3"
            column="1"/>
    </issue>

    <issue
        id="UnusedResources"
        message="The resource `R.navigation.nav_graph` appears to be unused"
        errorLine1="&lt;navigation xmlns:android=&quot;http://schemas.android.com/apk/res/android&quot;"
        errorLine2="^">
        <location
            file="src/main/res/navigation/nav_graph.xml"
            line="2"
            column="1"/>
    </issue>

    <issue
        id="Autofill"
        message="Missing `autofillHints` attribute"
        errorLine1="        &lt;EditText"
        errorLine2="         ~~~~~~~~">
        <location
            file="src/main/res/layout/gender.xml"
            line="156"
            column="10"/>
    </issue>

    <issue
        id="ContentDescription"
        message="Missing `contentDescription` attribute on image"
        errorLine1="    &lt;ImageView"
        errorLine2="     ~~~~~~~~~">
        <location
            file="src/main/res/layout/calibration.xml"
            line="11"
            column="6"/>
    </issue>

    <issue
        id="ContentDescription"
        message="Missing `contentDescription` attribute on image"
        errorLine1="    &lt;ImageView"
        errorLine2="     ~~~~~~~~~">
        <location
            file="src/main/res/layout/calibrationbl.xml"
            line="11"
            column="6"/>
    </issue>

    <issue
        id="ContentDescription"
        message="Missing `contentDescription` attribute on image"
        errorLine1="    &lt;ImageView"
        errorLine2="     ~~~~~~~~~">
        <location
            file="src/main/res/layout/calibrationbr.xml"
            line="11"
            column="6"/>
    </issue>

    <issue
        id="ContentDescription"
        message="Missing `contentDescription` attribute on image"
        errorLine1="    &lt;ImageView"
        errorLine2="     ~~~~~~~~~">
        <location
            file="src/main/res/layout/calibrationtl.xml"
            line="11"
            column="6"/>
    </issue>

    <issue
        id="ContentDescription"
        message="Missing `contentDescription` attribute on image"
        errorLine1="    &lt;ImageView"
        errorLine2="     ~~~~~~~~~">
        <location
            file="src/main/res/layout/calibrationtr.xml"
            line="11"
            column="6"/>
    </issue>

    <issue
        id="ContentDescription"
        message="Missing `contentDescription` attribute on image"
        errorLine1="    &lt;ImageView"
        errorLine2="     ~~~~~~~~~">
        <location
            file="src/main/res/layout/dataoutput.xml"
            line="29"
            column="6"/>
    </issue>

    <issue
        id="ContentDescription"
        message="Missing `contentDescription` attribute on image"
        errorLine1="    &lt;ImageView"
        errorLine2="     ~~~~~~~~~">
        <location
            file="src/main/res/layout/dataoutput.xml"
            line="40"
            column="6"/>
    </issue>

    <issue
        id="ContentDescription"
        message="Missing `contentDescription` attribute on image"
        errorLine1="    &lt;ImageView"
        errorLine2="     ~~~~~~~~~">
        <location
            file="src/main/res/layout/gender.xml"
            line="10"
            column="6"/>
    </issue>

    <issue
        id="ContentDescription"
        message="Missing `contentDescription` attribute on image"
        errorLine1="    &lt;ImageView"
        errorLine2="     ~~~~~~~~~">
        <location
            file="src/main/res/layout/instruction.xml"
            line="96"
            column="6"/>
    </issue>

    <issue
        id="ContentDescription"
        message="Empty `contentDescription` attribute on image"
        errorLine1="        android:contentDescription=&quot;TODO&quot;"
        errorLine2="        ~~~~~~~~~~~~~~~~~~~~~~~~~~~~~~~~~">
        <location
            file="src/main/res/layout/instruction.xml"
            line="112"
            column="9"/>
    </issue>

    <issue
        id="ContentDescription"
        message="Missing `contentDescription` attribute on image"
        errorLine1="    &lt;ImageView"
        errorLine2="     ~~~~~~~~~">
        <location
            file="src/main/res/layout/start.xml"
            line="11"
            column="6"/>
    </issue>

    <issue
        id="ContentDescription"
        message="Missing `contentDescription` attribute on image"
        errorLine1="    &lt;ImageView"
        errorLine2="     ~~~~~~~~~">
        <location
            file="src/main/res/layout/videochoose.xml"
            line="12"
            column="6"/>
    </issue>

    <issue
        id="SetTextI18n"
        message="String literal in `setText` can not be translated. Use Android resources instead."
        errorLine1="                playButton.setText(&quot;Pause&quot;);"
        errorLine2="                                   ~~~~~~~">
        <location
            file="src/main/java/com/example/eyetracking/VideoPlayActivity.java"
            line="35"
            column="36"/>
    </issue>

    <issue
        id="SetTextI18n"
        message="String literal in `setText` can not be translated. Use Android resources instead."
        errorLine1="                playButton.setText(&quot;Play&quot;);"
        errorLine2="                                   ~~~~~~">
        <location
            file="src/main/java/com/example/eyetracking/VideoPlayActivity.java"
            line="38"
            column="36"/>
    </issue>

    <issue
        id="SetTextI18n"
        message="String literal in `setText` can not be translated. Use Android resources instead."
        errorLine1="        videoView.setOnCompletionListener(mp -> playButton.setText(&quot;Play&quot;));"
        errorLine2="                                                                   ~~~~~~">
        <location
            file="src/main/java/com/example/eyetracking/VideoPlayActivity.java"
            line="43"
            column="68"/>
    </issue>

    <issue
        id="HardcodedText"
        message="Hardcoded string &quot;Please confirm that your face matches the grey circle shown below.&quot;, should use `@string` resource"
        errorLine1="        android:text=&quot;Please confirm that your face matches the grey circle shown below.&quot;"
        errorLine2="        ~~~~~~~~~~~~~~~~~~~~~~~~~~~~~~~~~~~~~~~~~~~~~~~~~~~~~~~~~~~~~~~~~~~~~~~~~~~~~~~~~">
        <location
            file="src/main/res/layout/calibration.xml"
            line="40"
            column="9"/>
    </issue>

    <issue
        id="HardcodedText"
        message="Hardcoded string &quot;Check your Position&quot;, should use `@string` resource"
        errorLine1="        android:text=&quot;Check your Position&quot;"
        errorLine2="        ~~~~~~~~~~~~~~~~~~~~~~~~~~~~~~~~~~">
        <location
            file="src/main/res/layout/calibration.xml"
            line="57"
            column="9"/>
    </issue>

    <issue
        id="HardcodedText"
        message="Hardcoded string &quot;Continue&quot;, should use `@string` resource"
        errorLine1="        android:text=&quot;Continue&quot;"
        errorLine2="        ~~~~~~~~~~~~~~~~~~~~~~~">
        <location
            file="src/main/res/layout/calibration.xml"
            line="68"
            column="9"/>
    </issue>

    <issue
        id="HardcodedText"
        message="Hardcoded string &quot;Back&quot;, should use `@string` resource"
        errorLine1="        android:text=&quot;Back&quot;"
        errorLine2="        ~~~~~~~~~~~~~~~~~~~">
        <location
            file="src/main/res/layout/calibration.xml"
            line="80"
            column="9"/>
    </issue>

    <issue
        id="HardcodedText"
        message="Hardcoded string &quot;Start Record&quot;, should use `@string` resource"
        errorLine1="        android:text=&quot;Start Record&quot;"
        errorLine2="        ~~~~~~~~~~~~~~~~~~~~~~~~~~~">
        <location
            file="src/main/res/layout/calibrationbl.xml"
            line="38"
            column="9"/>
    </issue>

    <issue
        id="HardcodedText"
        message="Hardcoded string &quot;Continue&quot;, should use `@string` resource"
        errorLine1="        android:text=&quot;Continue&quot;"
        errorLine2="        ~~~~~~~~~~~~~~~~~~~~~~~">
        <location
            file="src/main/res/layout/calibrationbl.xml"
            line="51"
            column="9"/>
    </issue>

    <issue
        id="HardcodedText"
        message="Hardcoded string &quot;Back&quot;, should use `@string` resource"
        errorLine1="        android:text=&quot;Back&quot;"
        errorLine2="        ~~~~~~~~~~~~~~~~~~~">
        <location
            file="src/main/res/layout/calibrationbl.xml"
            line="63"
            column="9"/>
    </issue>

    <issue
        id="HardcodedText"
        message="Hardcoded string &quot;Start Record&quot;, should use `@string` resource"
        errorLine1="        android:text=&quot;Start Record&quot;"
        errorLine2="        ~~~~~~~~~~~~~~~~~~~~~~~~~~~">
        <location
            file="src/main/res/layout/calibrationbr.xml"
            line="38"
            column="9"/>
    </issue>

    <issue
        id="HardcodedText"
        message="Hardcoded string &quot;Continue&quot;, should use `@string` resource"
        errorLine1="        android:text=&quot;Continue&quot;"
        errorLine2="        ~~~~~~~~~~~~~~~~~~~~~~~">
        <location
            file="src/main/res/layout/calibrationbr.xml"
            line="51"
            column="9"/>
    </issue>

    <issue
        id="HardcodedText"
        message="Hardcoded string &quot;Back&quot;, should use `@string` resource"
        errorLine1="        android:text=&quot;Back&quot;"
        errorLine2="        ~~~~~~~~~~~~~~~~~~~">
        <location
            file="src/main/res/layout/calibrationbr.xml"
            line="63"
            column="9"/>
    </issue>

    <issue
        id="HardcodedText"
        message="Hardcoded string &quot;Start Record&quot;, should use `@string` resource"
        errorLine1="        android:text=&quot;Start Record&quot;"
        errorLine2="        ~~~~~~~~~~~~~~~~~~~~~~~~~~~">
        <location
            file="src/main/res/layout/calibrationtl.xml"
            line="38"
            column="9"/>
    </issue>

    <issue
        id="HardcodedText"
        message="Hardcoded string &quot;Continue&quot;, should use `@string` resource"
        errorLine1="        android:text=&quot;Continue&quot;"
        errorLine2="        ~~~~~~~~~~~~~~~~~~~~~~~">
        <location
            file="src/main/res/layout/calibrationtl.xml"
            line="52"
            column="9"/>
    </issue>

    <issue
        id="HardcodedText"
        message="Hardcoded string &quot;Back&quot;, should use `@string` resource"
        errorLine1="        android:text=&quot;Back&quot;"
        errorLine2="        ~~~~~~~~~~~~~~~~~~~">
        <location
            file="src/main/res/layout/calibrationtl.xml"
            line="64"
            column="9"/>
    </issue>

    <issue
        id="HardcodedText"
        message="Hardcoded string &quot;Start Record&quot;, should use `@string` resource"
        errorLine1="        android:text=&quot;Start Record&quot;"
        errorLine2="        ~~~~~~~~~~~~~~~~~~~~~~~~~~~">
        <location
            file="src/main/res/layout/calibrationtr.xml"
            line="38"
            column="9"/>
    </issue>

    <issue
        id="HardcodedText"
        message="Hardcoded string &quot;Continue&quot;, should use `@string` resource"
        errorLine1="        android:text=&quot;Continue&quot;"
        errorLine2="        ~~~~~~~~~~~~~~~~~~~~~~~">
        <location
            file="src/main/res/layout/calibrationtr.xml"
            line="51"
            column="9"/>
    </issue>

    <issue
        id="HardcodedText"
        message="Hardcoded string &quot;Back&quot;, should use `@string` resource"
        errorLine1="        android:text=&quot;Back&quot;"
        errorLine2="        ~~~~~~~~~~~~~~~~~~~">
        <location
            file="src/main/res/layout/calibrationtr.xml"
            line="63"
            column="9"/>
    </issue>

    <issue
        id="HardcodedText"
        message="Hardcoded string &quot;Video Information&quot;, should use `@string` resource"
        errorLine1="        android:text=&quot;Video Information&quot;"
        errorLine2="        ~~~~~~~~~~~~~~~~~~~~~~~~~~~~~~~~">
        <location
            file="src/main/res/layout/dataoutput.xml"
            line="20"
            column="9"/>
    </issue>

    <issue
        id="HardcodedText"
        message="Hardcoded string &quot;Number of Views:\nCommon Veiwport Dimensions:1470x832 Average FPS:29.97fps\nTotal Samples:2100&quot;, should use `@string` resource"
        errorLine1="    &lt;TextView"
        errorLine2="    ^">
        <location
            file="src/main/res/layout/dataoutput.xml"
            line="51"
            column="5"/>
    </issue>

    <issue
        id="HardcodedText"
        message="Hardcoded string &quot;Options&quot;, should use `@string` resource"
        errorLine1="        android:text=&quot;Options&quot;"
        errorLine2="        ~~~~~~~~~~~~~~~~~~~~~~">
        <location
            file="src/main/res/layout/dataoutput.xml"
            line="82"
            column="9"/>
    </issue>

    <issue
        id="HardcodedText"
        message="Hardcoded string &quot;Toggle Heatmap&quot;, should use `@string` resource"
        errorLine1="        android:text=&quot;Toggle Heatmap&quot;"
        errorLine2="        ~~~~~~~~~~~~~~~~~~~~~~~~~~~~~">
        <location
            file="src/main/res/layout/dataoutput.xml"
            line="97"
            column="9"/>
    </issue>

    <issue
        id="HardcodedText"
        message="Hardcoded string &quot;Export Data to CSV&quot;, should use `@string` resource"
        errorLine1="        android:text=&quot;Export Data to CSV&quot;"
        errorLine2="        ~~~~~~~~~~~~~~~~~~~~~~~~~~~~~~~~~">
        <location
            file="src/main/res/layout/dataoutput.xml"
            line="113"
            column="9"/>
    </issue>

    <issue
        id="HardcodedText"
        message="Hardcoded string &quot;Continue&quot;, should use `@string` resource"
        errorLine1="        android:text=&quot;Continue&quot;"
        errorLine2="        ~~~~~~~~~~~~~~~~~~~~~~~">
        <location
            file="src/main/res/layout/dataoutput.xml"
            line="126"
            column="9"/>
    </issue>

    <issue
        id="HardcodedText"
        message="Hardcoded string &quot;Back&quot;, should use `@string` resource"
        errorLine1="        android:text=&quot;Back&quot;"
        errorLine2="        ~~~~~~~~~~~~~~~~~~~">
        <location
            file="src/main/res/layout/dataoutput.xml"
            line="138"
            column="9"/>
    </issue>

    <issue
        id="HardcodedText"
        message="Hardcoded string &quot;Thank you for participating! Have a wonderful day!&quot;, should use `@string` resource"
        errorLine1="        android:text=&quot;Thank you for participating! Have a wonderful day!&quot;"
        errorLine2="        ~~~~~~~~~~~~~~~~~~~~~~~~~~~~~~~~~~~~~~~~~~~~~~~~~~~~~~~~~~~~~~~~~">
        <location
            file="src/main/res/layout/exit.xml"
            line="19"
            column="9"/>
    </issue>

    <issue
        id="HardcodedText"
        message="Hardcoded string &quot;Exit&quot;, should use `@string` resource"
        errorLine1="    android:text=&quot;Exit&quot;"
        errorLine2="    ~~~~~~~~~~~~~~~~~~~">
        <location
            file="src/main/res/layout/exit.xml"
            line="32"
            column="5"/>
    </issue>

    <issue
        id="HardcodedText"
        message="Hardcoded string &quot;How old are you?&quot;, should use `@string` resource"
        errorLine1="        android:text=&quot;How old are you?&quot;"
        errorLine2="        ~~~~~~~~~~~~~~~~~~~~~~~~~~~~~~~">
        <location
            file="src/main/res/layout/gender.xml"
            line="37"
            column="9"/>
    </issue>

    <issue
        id="HardcodedText"
        message="Hardcoded string &quot;What’s Your Gender?&quot;, should use `@string` resource"
        errorLine1="        android:text=&quot;What’s Your Gender?&quot;"
        errorLine2="        ~~~~~~~~~~~~~~~~~~~~~~~~~~~~~~~~~~">
        <location
            file="src/main/res/layout/gender.xml"
            line="53"
            column="9"/>
    </issue>

    <issue
        id="HardcodedText"
        message="Hardcoded string &quot;Tell us about your gender&quot;, should use `@string` resource"
        errorLine1="        android:text=&quot;Tell us about your gender&quot;"
        errorLine2="        ~~~~~~~~~~~~~~~~~~~~~~~~~~~~~~~~~~~~~~~~">
        <location
            file="src/main/res/layout/gender.xml"
            line="70"
            column="9"/>
    </issue>

    <issue
        id="HardcodedText"
        message="Hardcoded string &quot;Please enter your information to continue&quot;, should use `@string` resource"
        errorLine1="        android:text=&quot;Please enter your information to continue&quot;"
        errorLine2="        ~~~~~~~~~~~~~~~~~~~~~~~~~~~~~~~~~~~~~~~~~~~~~~~~~~~~~~~~">
        <location
            file="src/main/res/layout/gender.xml"
            line="96"
            column="9"/>
    </issue>

    <issue
        id="HardcodedText"
        message="Hardcoded string &quot;Enter Age&quot;, should use `@string` resource"
        errorLine1="        android:text=&quot;Enter Age&quot;"
        errorLine2="        ~~~~~~~~~~~~~~~~~~~~~~~~">
        <location
            file="src/main/res/layout/gender.xml"
            line="109"
            column="9"/>
    </issue>

    <issue
        id="HardcodedText"
        message="Hardcoded string &quot;Continue&quot;, should use `@string` resource"
        errorLine1="        android:text=&quot;Continue&quot;"
        errorLine2="        ~~~~~~~~~~~~~~~~~~~~~~~">
        <location
            file="src/main/res/layout/gender.xml"
            line="120"
            column="9"/>
    </issue>

    <issue
        id="HardcodedText"
        message="Hardcoded string &quot;Back&quot;, should use `@string` resource"
        errorLine1="        android:text=&quot;Back&quot;"
        errorLine2="        ~~~~~~~~~~~~~~~~~~~">
        <location
            file="src/main/res/layout/gender.xml"
            line="133"
            column="9"/>
    </issue>

    <issue
        id="HardcodedText"
        message="Hardcoded string &quot;Enter your age&quot;, should use `@string` resource"
        errorLine1="            android:text=&quot;Enter your age&quot; />"
        errorLine2="            ~~~~~~~~~~~~~~~~~~~~~~~~~~~~~">
        <location
            file="src/main/res/layout/gender.xml"
            line="154"
            column="13"/>
    </issue>

    <issue
        id="HardcodedText"
        message="Hardcoded string &quot;Age&quot;, should use `@string` resource"
        errorLine1="            android:hint=&quot;Age&quot;"
        errorLine2="            ~~~~~~~~~~~~~~~~~~">
        <location
            file="src/main/res/layout/gender.xml"
            line="160"
            column="13"/>
    </issue>

    <issue
        id="HardcodedText"
        message="Hardcoded string &quot;Submit&quot;, should use `@string` resource"
        errorLine1="            android:text=&quot;Submit&quot; />"
        errorLine2="            ~~~~~~~~~~~~~~~~~~~~~">
        <location
            file="src/main/res/layout/gender.xml"
            line="168"
            column="13"/>
    </issue>

    <issue
        id="HardcodedText"
        message="Hardcoded string &quot;Instructions&quot;, should use `@string` resource"
        errorLine1="        android:text=&quot;Instructions&quot;"
        errorLine2="        ~~~~~~~~~~~~~~~~~~~~~~~~~~~">
        <location
            file="src/main/res/layout/instruction.xml"
            line="20"
            column="9"/>
    </issue>

    <issue
        id="HardcodedText"
        message="Hardcoded string &quot;- Sit comfortably from your device.\n- Try not to move too much when performing the test.\n- Camera must be centered above or below your display.\n- Click on each red dot to calibrate eye-tracker\n- After model training, look at orange dots to confirm accuracy.\n- Select number of videos to play, you will return here after completion.\n&quot;, should use `@string` resource"
        errorLine1="        android:text=&quot;- Sit comfortably from your device.\n- Try not to move too much when performing the test.\n- Camera must be centered above or below your display.\n- Click on each red dot to calibrate eye-tracker\n- After model training, look at orange dots to confirm accuracy.\n- Select number of videos to play, you will return here after completion.\n&quot;"
        errorLine2="        ~~~~~~~~~~~~~~~~~~~~~~~~~~~~~~~~~~~~~~~~~~~~~~~~~~~~~~~~~~~~~~~~~~~~~~~~~~~~~~~~~~~~~~~~~~~~~~~~~~~~~~~~~~~~~~~~~~~~~~~~~~~~~~~~~~~~~~~~~~~~~~~~~~~~~~~~~~~~~~~~~~~~~~~~~~~~~~~~~~~~~~~~~~~~~~~~~~~~~~~~~~~~~~~~~~~~~~~~~~~~~~~~~~~~~~~~~~~~~~~~~~~~~~~~~~~~~~~~~~~~~~~~~~~~~~~~~~~~~~~~~~~~~~~~~~~~~~~~~~~~~~~~~~~~~~~~~~~~~~~~~~~~~~~~~~~~~~~~~~~~~~~~~~~~~~~~~">
        <location
            file="src/main/res/layout/instruction.xml"
            line="37"
            column="9"/>
    </issue>

    <issue
        id="HardcodedText"
        message="Hardcoded string &quot;Warnings&quot;, should use `@string` resource"
        errorLine1="        android:text=&quot;Warnings&quot;"
        errorLine2="        ~~~~~~~~~~~~~~~~~~~~~~~">
        <location
            file="src/main/res/layout/instruction.xml"
            line="55"
            column="9"/>
    </issue>

    <issue
        id="HardcodedText"
        message="Hardcoded string &quot;Do not cover webcam.\nDo not leave before test is complete.\nDo not blink when capturing examples.&quot;, should use `@string` resource"
        errorLine1="        android:text=&quot;Do not cover webcam.\nDo not leave before test is complete.\nDo not blink when capturing examples.&quot;"
        errorLine2="        ~~~~~~~~~~~~~~~~~~~~~~~~~~~~~~~~~~~~~~~~~~~~~~~~~~~~~~~~~~~~~~~~~~~~~~~~~~~~~~~~~~~~~~~~~~~~~~~~~~~~~~~~~~~~~~~~~">
        <location
            file="src/main/res/layout/instruction.xml"
            line="72"
            column="9"/>
    </issue>

    <issue
        id="HardcodedText"
        message="Hardcoded string &quot;\nWatch videos, enjoy!&quot;, should use `@string` resource"
        errorLine1="        android:text=&quot;\nWatch videos, enjoy!&quot;"
        errorLine2="        ~~~~~~~~~~~~~~~~~~~~~~~~~~~~~~~~~~~~~">
        <location
            file="src/main/res/layout/instruction.xml"
            line="86"
            column="9"/>
    </issue>

    <issue
        id="HardcodedText"
        message="Hardcoded string &quot;TODO&quot;, should use `@string` resource"
        errorLine1="        android:contentDescription=&quot;TODO&quot;"
        errorLine2="        ~~~~~~~~~~~~~~~~~~~~~~~~~~~~~~~~~">
        <location
            file="src/main/res/layout/instruction.xml"
            line="112"
            column="9"/>
    </issue>

    <issue
        id="HardcodedText"
        message="Hardcoded string &quot;Continue&quot;, should use `@string` resource"
        errorLine1="        android:text=&quot;Continue&quot;"
        errorLine2="        ~~~~~~~~~~~~~~~~~~~~~~~">
        <location
            file="src/main/res/layout/instruction.xml"
            line="125"
            column="9"/>
    </issue>

    <issue
        id="HardcodedText"
        message="Hardcoded string &quot;Back&quot;, should use `@string` resource"
        errorLine1="        android:text=&quot;Back&quot;"
        errorLine2="        ~~~~~~~~~~~~~~~~~~~">
        <location
            file="src/main/res/layout/instruction.xml"
            line="137"
            column="9"/>
    </issue>

    <issue
        id="HardcodedText"
        message="Hardcoded string &quot;Eye Tracking App&quot;, should use `@string` resource"
        errorLine1="        android:text=&quot;Eye Tracking App&quot;"
        errorLine2="        ~~~~~~~~~~~~~~~~~~~~~~~~~~~~~~~">
        <location
            file="src/main/res/layout/start.xml"
            line="33"
            column="9"/>
    </issue>

    <issue
        id="HardcodedText"
        message="Hardcoded string &quot;Start&quot;, should use `@string` resource"
        errorLine1="        android:text=&quot;Start&quot;"
        errorLine2="        ~~~~~~~~~~~~~~~~~~~~">
        <location
            file="src/main/res/layout/start.xml"
            line="45"
            column="9"/>
    </issue>

    <issue
        id="HardcodedText"
        message="Hardcoded string &quot;Please enter the number of video you would like to watch. Each Video is about 10 seconds.&quot;, should use `@string` resource"
        errorLine1="    &lt;TextView"
        errorLine2="    ^">
        <location
            file="src/main/res/layout/videochoose.xml"
            line="23"
            column="5"/>
    </issue>

    <issue
        id="HardcodedText"
        message="Hardcoded string &quot;Video Choose&quot;, should use `@string` resource"
        errorLine1="        android:text=&quot;Video Choose&quot;"
        errorLine2="        ~~~~~~~~~~~~~~~~~~~~~~~~~~~">
        <location
            file="src/main/res/layout/videochoose.xml"
            line="49"
            column="9"/>
    </issue>

    <issue
        id="HardcodedText"
        message="Hardcoded string &quot;Select Video&quot;, should use `@string` resource"
        errorLine1="        android:text=&quot;Select Video&quot;"
        errorLine2="        ~~~~~~~~~~~~~~~~~~~~~~~~~~~">
        <location
            file="src/main/res/layout/videochoose.xml"
            line="62"
            column="9"/>
    </issue>

    <issue
        id="HardcodedText"
        message="Hardcoded string &quot;Continue&quot;, should use `@string` resource"
        errorLine1="        android:text=&quot;Continue&quot;"
        errorLine2="        ~~~~~~~~~~~~~~~~~~~~~~~">
        <location
            file="src/main/res/layout/videochoose.xml"
            line="82"
            column="9"/>
    </issue>

    <issue
        id="HardcodedText"
        message="Hardcoded string &quot;Back&quot;, should use `@string` resource"
        errorLine1="        android:text=&quot;Back&quot;"
        errorLine2="        ~~~~~~~~~~~~~~~~~~~">
        <location
            file="src/main/res/layout/videochoose.xml"
            line="94"
            column="9"/>
    </issue>

    <issue
        id="HardcodedText"
        message="Hardcoded string &quot;Play&quot;, should use `@string` resource"
        errorLine1="        android:text=&quot;Play&quot;"
        errorLine2="        ~~~~~~~~~~~~~~~~~~~">
        <location
            file="src/main/res/layout/videoplay.xml"
            line="22"
            column="9"/>
    </issue>

    <issue
        id="HardcodedText"
        message="Hardcoded string &quot;Continue&quot;, should use `@string` resource"
        errorLine1="        android:text=&quot;Continue&quot;"
        errorLine2="        ~~~~~~~~~~~~~~~~~~~~~~~">
        <location
            file="src/main/res/layout/videoplay.xml"
            line="34"
            column="9"/>
    </issue>

    <issue
        id="HardcodedText"
        message="Hardcoded string &quot;Back&quot;, should use `@string` resource"
        errorLine1="        android:text=&quot;Back&quot;"
        errorLine2="        ~~~~~~~~~~~~~~~~~~~">
        <location
            file="src/main/res/layout/videoplay.xml"
            line="45"
            column="9"/>
    </issue>

    <issue
        id="RtlSymmetry"
        message="When you define `paddingLeft` you should probably also define `paddingRight` for right-to-left symmetry"
        errorLine1="        android:paddingLeft=&quot;10dp&quot;"
        errorLine2="        ~~~~~~~~~~~~~~~~~~~">
        <location
            file="src/main/res/layout/dataoutput.xml"
            line="96"
            column="9"/>
    </issue>

    <issue
        id="RtlHardcoded"
        message="Use &quot;`start`&quot; instead of &quot;`left`&quot; to ensure correct behavior in right-to-left locales"
        errorLine1="        android:gravity=&quot;left|top&quot;"
        errorLine2="                         ~~~~~~~~">
        <location
            file="src/main/res/layout/dataoutput.xml"
            line="55"
            column="26"/>
    </issue>

    <issue
        id="RtlHardcoded"
        message="Consider replacing `android:paddingLeft` with `android:paddingStart=&quot;10dp&quot;` to better support right-to-left layouts"
        errorLine1="        android:paddingLeft=&quot;10dp&quot;"
        errorLine2="        ~~~~~~~~~~~~~~~~~~~">
        <location
            file="src/main/res/layout/dataoutput.xml"
            line="96"
            column="9"/>
    </issue>

    <issue
        id="RtlHardcoded"
        message="Use &quot;`start`&quot; instead of &quot;`left`&quot; to ensure correct behavior in right-to-left locales"
        errorLine1="        android:layout_gravity=&quot;top|left&quot;"
        errorLine2="                                ~~~~~~~~">
        <location
            file="src/main/res/layout/dataoutput.xml"
            line="110"
            column="33"/>
    </issue>

    <issue
        id="RtlHardcoded"
        message="Use &quot;`start`&quot; instead of &quot;`left`&quot; to ensure correct behavior in right-to-left locales"
        errorLine1="        android:gravity=&quot;left|top&quot;"
        errorLine2="                         ~~~~~~~~">
        <location
            file="src/main/res/layout/instruction.xml"
            line="34"
            column="26"/>
    </issue>

    <issue
        id="RtlHardcoded"
        message="Use &quot;`start`&quot; instead of &quot;`left`&quot; to ensure correct behavior in right-to-left locales"
        errorLine1="        android:gravity=&quot;left|top&quot;"
        errorLine2="                         ~~~~~~~~">
        <location
            file="src/main/res/layout/instruction.xml"
            line="69"
            column="26"/>
    </issue>

</issues>
